"Title","Description","Priority","Labels"
"SPM-001 Definir vision del producto","Alinear objetivos de negocio y metricas de exito del proyecto SPM","High","SPM,Planning"
"SPM-002 Definir alcance del MVP","Listar funcionalidades minimas para primera entrega publica","High","SPM,Planning"
"SPM-003 Identificar personas usuarias","Describir perfiles de usuario y necesidades principales","Medium","SPM,Research"
"SPM-004 Crear mapa de stakeholders","Documentar interesados internos y externos del producto","Medium","SPM,Planning"
"SPM-005 Establecer KPIs iniciales","Definir metricas de adopcion, retencion y conversion","High","SPM,Analytics"
"SPM-006 Documentar riesgos del proyecto","Registrar riesgos tecnicos y operativos con mitigaciones","Medium","SPM,Risk"
"SPM-007 Definir roadmap trimestral","Organizar hitos por prioridad para el siguiente trimestre","High","SPM,Roadmap"
"SPM-008 Crear backlog inicial","Consolidar historias de usuario en backlog priorizado","High","SPM,Backlog"
"SPM-009 Priorizar backlog por impacto","Aplicar criterio impacto esfuerzo para ordenar tareas","High","SPM,Backlog"
"SPM-010 Definir criterios de aceptacion base","Estandarizar criterios para historias de usuario nuevas","Medium","SPM,Process"
"SPM-011 Diseñar flujo de onboarding","Definir pasos iniciales para nuevos usuarios","Medium","SPM,UX"
"SPM-012 Redactar historia de usuario registro","Crear historia completa para registro de cuenta","Medium","SPM,Backlog"
"SPM-013 Redactar historia de usuario login","Crear historia completa para inicio de sesion","Medium","SPM,Backlog"
"SPM-014 Redactar historia de usuario perfil","Crear historia para gestion basica del perfil","Medium","SPM,Backlog"
"SPM-015 Redactar historia de usuario dashboard","Crear historia para vista principal de metricas","Medium","SPM,Backlog"
"SPM-016 Definir politica de versionado","Acordar esquema semantico para releases","Low","SPM,Governance"
"SPM-017 Definir convenciones de ramas","Documentar flujo de trabajo git para el equipo","Low","SPM,Governance"
"SPM-018 Definir checklist de release","Listar pasos tecnicos y funcionales antes de publicar","Medium","SPM,Release"
"SPM-019 Crear plantilla de issue","Estandarizar captura de requerimientos y defectos","Low","SPM,Process"
"SPM-020 Crear plantilla de PR","Estandarizar descripcion de cambios y evidencia","Low","SPM,Process"
"SPM-021 Definir arquitectura objetivo","Documentar componentes principales y responsabilidades","High","SPM,Architecture"
"SPM-022 Seleccionar stack tecnologico","Evaluar opciones de framework y base de datos","High","SPM,Architecture"
"SPM-023 Diagramar arquitectura de alto nivel","Crear diagrama de servicios y comunicaciones","Medium","SPM,Architecture"
"SPM-024 Definir contrato de API base","Establecer endpoints iniciales y formato de respuesta","High","SPM,Backend"
"SPM-025 Diseñar modelo de datos inicial","Definir entidades y relaciones principales","High","SPM,Data"
"SPM-026 Crear estrategia de migraciones","Definir herramienta y flujo de cambios de esquema","Medium","SPM,Data"
"SPM-027 Definir politica de errores","Estandarizar codigos y mensajes de error","Medium","SPM,Backend"
"SPM-028 Definir convencion de logs","Acordar formato estructurado para observabilidad","Medium","SPM,Observability"
"SPM-029 Definir estrategia de cache","Identificar datos cacheables y TTL recomendados","Low","SPM,Performance"
"SPM-030 Definir estrategia de colas","Evaluar casos para procesamiento asincrono","Low","SPM,Architecture"
"SPM-031 Definir autenticacion base","Seleccionar mecanismo seguro para autenticacion","High","SPM,Security"
"SPM-032 Definir autorizacion por roles","Modelar permisos de lectura y escritura","High","SPM,Security"
"SPM-033 Definir auditoria de acciones","Registrar eventos sensibles para trazabilidad","Medium","SPM,Security"
"SPM-034 Definir limites de rate","Proteger endpoints ante abuso de trafico","Medium","SPM,Security"
"SPM-035 Definir estrategia de secretos","Estandarizar gestion de variables sensibles","High","SPM,Security"
"SPM-036 Crear base de proyecto backend","Inicializar estructura modular para servicios","High","SPM,Backend"
"SPM-037 Crear base de proyecto frontend","Inicializar estructura de interfaz y rutas","High","SPM,Frontend"
"SPM-038 Definir estandares de codigo","Aplicar linting, formateo y reglas de estilo","Medium","SPM,Quality"
"SPM-039 Configurar analisis estatico","Agregar herramientas para detectar errores tempranos","Medium","SPM,Quality"
"SPM-040 Configurar pre-commit hooks","Automatizar chequeos de calidad antes de commit","Low","SPM,Quality"
"SPM-041 Implementar endpoint de salud","Exponer ruta health para monitoreo basico","High","SPM,Backend"
"SPM-042 Implementar endpoint de version","Exponer version actual del servicio","Low","SPM,Backend"
"SPM-043 Implementar registro de usuario","Permitir alta de cuentas nuevas","High","SPM,Backend"
"SPM-044 Implementar login de usuario","Permitir autenticacion con credenciales","High","SPM,Backend"
"SPM-045 Implementar refresh de token","Permitir renovar sesion sin reingresar claves","High","SPM,Backend"
"SPM-046 Implementar cierre de sesion","Invalidar tokens activos de usuario","Medium","SPM,Backend"
"SPM-047 Implementar recuperacion de clave","Enviar flujo seguro para reset de password","Medium","SPM,Backend"
"SPM-048 Implementar verificacion de email","Confirmar correo antes de habilitar cuenta","Medium","SPM,Backend"
"SPM-049 Implementar CRUD de perfil","Permitir crear, leer, actualizar y borrar perfil","Medium","SPM,Backend"
"SPM-050 Implementar endpoint de preferencias","Guardar configuraciones personalizadas de usuario","Low","SPM,Backend"
"SPM-051 Implementar listado paginado","Agregar paginacion estandar en recursos principales","Medium","SPM,Backend"
"SPM-052 Implementar filtros por estado","Permitir consultar recursos por estado","Low","SPM,Backend"
"SPM-053 Implementar ordenamiento por fecha","Permitir ordenar resultados ascendente y descendente","Low","SPM,Backend"
"SPM-054 Implementar busqueda por texto","Agregar busqueda simple en campos clave","Medium","SPM,Backend"
"SPM-055 Implementar validaciones de entrada","Aplicar validaciones robustas en payloads","High","SPM,Backend"
"SPM-056 Implementar manejo centralizado de errores","Unificar respuestas de error en middleware","High","SPM,Backend"
"SPM-057 Implementar trazas con correlation id","Trazar solicitudes de punta a punta","Medium","SPM,Observability"
"SPM-058 Implementar metricas de endpoint","Publicar latencia y tasa de error","Medium","SPM,Observability"
"SPM-059 Implementar pruebas unitarias backend","Cubrir servicios criticos con unit tests","High","SPM,Testing"
"SPM-060 Implementar pruebas de integracion API","Validar contratos entre capas del backend","High","SPM,Testing"
"SPM-061 Diseñar layout principal frontend","Crear estructura base de navegacion","Medium","SPM,Frontend"
"SPM-062 Implementar pagina de login","Construir formulario y validaciones de inicio","High","SPM,Frontend"
"SPM-063 Implementar pagina de registro","Construir formulario de alta de cuenta","High","SPM,Frontend"
"SPM-064 Implementar pagina recuperar clave","Construir flujo de recuperacion de password","Medium","SPM,Frontend"
"SPM-065 Implementar guard de rutas privadas","Restringir acceso a vistas autenticadas","High","SPM,Frontend"
"SPM-066 Implementar manejo global de sesion","Persistir estado de autenticacion en cliente","High","SPM,Frontend"
"SPM-067 Implementar pagina de dashboard","Mostrar resumen principal para usuario","Medium","SPM,Frontend"
"SPM-068 Implementar pagina de perfil","Permitir edicion de datos personales","Medium","SPM,Frontend"
"SPM-069 Implementar pantalla de ajustes","Permitir configurar preferencias de cuenta","Low","SPM,Frontend"
"SPM-070 Implementar componentes de formulario","Crear libreria reutilizable de inputs y botones","Medium","SPM,Frontend"
"SPM-071 Implementar tabla de datos reusable","Crear componente con paginacion y ordenamiento","Medium","SPM,Frontend"
"SPM-072 Implementar estados de carga","Mostrar skeletons y spinners consistentes","Low","SPM,Frontend"
"SPM-073 Implementar estados vacios","Definir mensajes claros cuando no hay datos","Low","SPM,Frontend"
"SPM-074 Implementar manejo de errores UI","Mostrar errores de API amigables al usuario","Medium","SPM,Frontend"
"SPM-075 Implementar notificaciones toast","Notificar eventos de exito y error","Low","SPM,Frontend"
"SPM-076 Implementar soporte modo oscuro","Agregar tema oscuro para accesibilidad visual","Low","SPM,UX"
"SPM-077 Revisar accesibilidad WCAG","Evaluar contraste, foco y navegacion por teclado","Medium","SPM,Accessibility"
"SPM-078 Optimizar bundle frontend","Reducir peso inicial con code splitting","Medium","SPM,Performance"
"SPM-079 Configurar i18n base","Preparar soporte para multiples idiomas","Low","SPM,Frontend"
"SPM-080 Implementar pruebas unitarias frontend","Cubrir componentes criticos con test","High","SPM,Testing"
"SPM-081 Definir estrategia de pruebas E2E","Seleccionar casos criticos de punta a punta","Medium","SPM,Testing"
"SPM-082 Implementar primer flujo E2E","Automatizar registro, login y logout","High","SPM,Testing"
"SPM-083 Implementar pruebas de regresion","Ejecutar suite clave antes de release","Medium","SPM,Testing"
"SPM-084 Configurar cobertura de codigo","Medir cobertura minima por modulo","Low","SPM,Quality"
"SPM-085 Configurar calidad en CI","Fallar pipeline con lint o tests rotos","High","SPM,CI"
"SPM-086 Configurar build backend en CI","Automatizar compilacion y chequeos backend","High","SPM,CI"
"SPM-087 Configurar build frontend en CI","Automatizar compilacion y chequeos frontend","High","SPM,CI"
"SPM-088 Configurar reporte de test en CI","Publicar resultados y tendencias de fallos","Medium","SPM,CI"
"SPM-089 Configurar analisis de seguridad SCA","Detectar dependencias vulnerables en pipeline","High","SPM,Security"
"SPM-090 Configurar escaneo de secretos","Detectar secretos expuestos en commits","High","SPM,Security"
"SPM-091 Crear playbook de incidentes","Documentar respuesta para eventos criticos","Medium","SPM,Ops"
"SPM-092 Definir SLOs de plataforma","Acordar objetivos de disponibilidad y latencia","Medium","SPM,Ops"
"SPM-093 Crear dashboard operativo","Visualizar metricas de salud en tiempo real","Medium","SPM,Observability"
"SPM-094 Configurar alertas criticas","Notificar errores severos y caidas","High","SPM,Observability"
"SPM-095 Definir politica de backups","Establecer frecuencia y retencion de respaldos","High","SPM,Ops"
"SPM-096 Probar restauracion de backups","Validar recuperacion ante perdida de datos","High","SPM,Ops"
"SPM-097 Definir estrategia de despliegue","Elegir entre rolling, blue green o canary","Medium","SPM,Release"
"SPM-098 Implementar despliegue continuo","Automatizar deploys en ambiente de pruebas","High","SPM,CI"
"SPM-099 Implementar ambiente staging","Provisionar entorno estable para QA","High","SPM,Infrastructure"
"SPM-100 Implementar ambiente produccion","Provisionar entorno seguro y escalable","High","SPM,Infrastructure"
"SPM-101 Configurar IaC inicial","Codificar infraestructura con herramienta declarativa","Medium","SPM,Infrastructure"
"SPM-102 Configurar gestion de dominios","Registrar y enrutar dominios de la aplicacion","Low","SPM,Infrastructure"
"SPM-103 Configurar certificados TLS","Habilitar HTTPS con renovacion automatica","High","SPM,Security"
"SPM-104 Configurar CDN para assets","Reducir latencia de contenido estatico","Low","SPM,Performance"
"SPM-105 Configurar politicas CORS","Controlar origenes permitidos para API","Medium","SPM,Security"
"SPM-106 Configurar proteccion CSRF","Mitigar ataques de falsificacion de peticiones","Medium","SPM,Security"
"SPM-107 Configurar limite de subida de archivos","Prevenir abuso y costos innecesarios","Low","SPM,Backend"
"SPM-108 Implementar auditoria de cambios","Registrar modificaciones en recursos criticos","Medium","SPM,Security"
"SPM-109 Crear documentacion de API","Publicar guia de endpoints para integraciones","Medium","SPM,Documentation"
"SPM-110 Crear guia de desarrollo local","Explicar setup y comandos de trabajo","Medium","SPM,Documentation"
"SPM-111 Crear guia de despliegue","Documentar pasos para publicar versiones","Medium","SPM,Documentation"
"SPM-112 Crear guia de troubleshooting","Documentar fallas comunes y soluciones","Low","SPM,Documentation"
"SPM-113 Crear onboarding para nuevos devs","Resumir procesos y herramientas del equipo","Low","SPM,Documentation"
"SPM-114 Definir proceso de refinamiento","Estandarizar sesiones de grooming de backlog","Low","SPM,Process"
"SPM-115 Definir proceso de planning sprint","Estandarizar estimacion y compromiso de sprint","Low","SPM,Process"
"SPM-116 Definir proceso de review tecnica","Estandarizar revisiones de codigo","Low","SPM,Process"
"SPM-117 Definir proceso de retrospectiva","Capturar mejoras continuas por iteracion","Low","SPM,Process"
"SPM-118 Definir politica de deprecacion","Establecer ventanas para cambios incompatibles","Low","SPM,Governance"
"SPM-119 Preparar plan de lanzamiento MVP","Coordinar actividades tecnicas y comunicacion","High","SPM,Release"
"SPM-120 Preparar seguimiento post lanzamiento","Monitorear metricas y feedback tras release","High","SPM,Release"
